<?xml version="1.0" encoding="UTF-8"?>
<Module name="spi_st7735lcd" Lut="3">
    <SubModule name="uPLL"/>
    <SubModule name="change_mode" Register="2" Lut="2"/>
    <SubModule name="lcd_init_inst" Register="68" Lut="254"/>
    <SubModule name="centerctrl_inst" Register="10" Lut="12"/>
    <SubModule name="lcd_write_inst" Register="21" Lut="32"/>
    <SubModule name="keyboard_mode_show" Register="398" Alu="43" Lut="623"/>
    <SubModule name="music_mode_show" Register="42" Lut="82"/>
    <SubModule name="lcd_show_char_inst" Register="53" Alu="9" Lut="139">
        <SubModule name="ascii_prom" Bsram="2"/>
    </SubModule>
    <SubModule name="decoder" Register="54" Lut="155"/>
    <SubModule name="music" Register="41" Lut="174"/>
    <SubModule name="led_show" Register="5" Lut="5"/>
</Module>
