<?xml version="1.0" encoding="UTF-8"?>
<Module name="keyboard_music_top" Lut="3">
    <SubModule name="uPLL"/>
    <SubModule name="change_mode" Register="2" Lut="2"/>
    <SubModule name="lcd_init_inst" Register="68" Lut="237"/>
    <SubModule name="centerctrl_inst" Register="10" Lut="12"/>
    <SubModule name="lcd_write_inst" Register="21" Lut="32"/>
    <SubModule name="menu_show" Register="404" Alu="43" Lut="715"/>
    <SubModule name="lcd_show_char_inst" Register="53" Alu="9" Lut="114">
        <SubModule name="ascii_prom" Bsram="2"/>
    </SubModule>
    <SubModule name="pmod_decoder" Register="31" Lut="87"/>
    <SubModule name="speaker_music" Register="43" Lut="156"/>
    <SubModule name="led_show" Register="5" Lut="5"/>
</Module>
