<?xml version="1.0" encoding="UTF-8"?>
<Module name="keyboard_music_top" Lut="3">
    <SubModule name="uPLL"/>
    <SubModule name="change_mode" Register="2" Lut="3"/>
    <SubModule name="lcd_init_inst" Register="68" Lut="234"/>
    <SubModule name="centerctrl_inst" Register="10" Lut="12"/>
    <SubModule name="lcd_write_inst" Register="21" Lut="32"/>
    <SubModule name="menu_show" Register="403" Alu="42" Lut="743"/>
    <SubModule name="lcd_show_char_inst" Register="53" Alu="9" Lut="115">
        <SubModule name="ascii_prom" Bsram="2"/>
    </SubModule>
    <SubModule name="pmod_decoder" Register="31" Lut="85"/>
    <SubModule name="music_init" Register="129" Lut="301">
        <SubModule name="notes128_prom" Bsram="1"/>
        <SubModule name="music_prom" Bsram="4"/>
        <SubModule name="music_sp" Bsram="4"/>
    </SubModule>
    <SubModule name="speaker_play" Register="30" Lut="85"/>
    <SubModule name="time_show" Register="85" Alu="59" Lut="123"/>
    <SubModule name="led_show" Register="5" Lut="4"/>
</Module>
